Num of flow,Sum Flow Duration,Max Flow Duration,Sum Tot Fwd Pkts,Max Tot Fwd Pkts,Sum Tot Bwd Pkts,Max Tot Bwd Pkts,Sum TotLen Fwd Pkts,Max TotLen Fwd Pkts,Sum TotLen Bwd Pkts,Max TotLen Bwd Pkts,Sum Fwd IAT Tot,Max Fwd IAT Tot,Sum Bwd IAT Tot,Max Bwd IAT Tot,Sum Fwd PSH Flags,Max Fwd PSH Flags,Sum Bwd PSH Flags,Max Bwd PSH Flags,Sum Fwd URG Flags,Max Fwd URG Flags,Sum Bwd URG Flags,Max Bwd URG Flags,Sum Fwd Header Len,Max Fwd Header Len,Sum Bwd Header Len,Max Bwd Header Len,Sum FIN Flag Cnt,Max FIN Flag Cnt,Sum SYN Flag Cnt,Max SYN Flag Cnt,Sum RST Flag Cnt,Max RST Flag Cnt,Sum PSH Flag Cnt,Max PSH Flag Cnt,Sum ACK Flag Cnt,Max ACK Flag Cnt,Sum URG Flag Cnt,Max URG Flag Cnt,Sum CWE Flag Count,Max CWE Flag Count,Sum ECE Flag Cnt,Max ECE Flag Cnt,Sum Init Fwd Win Byts,Max Init Fwd Win Byts,Sum Init Bwd Win Byts,Max Init Bwd Win Byts,Sum Fwd Act Data Pkts,Max Fwd Act Data Pkts
2,2065,1780,2,1,2,1,90,46,90,46,0,0,0,0,0,0,0,0,0,0,0,0,16,8,16,8,0,0,0,0,0,0,0,0,0,0,0,0,0,0,0,0,0,0,0,0,0,0
2,1950,1576,2,1,2,1,90,46,90,46,0,0,0,0,0,0,0,0,0,0,0,0,16,8,16,8,0,0,0,0,0,0,0,0,0,0,0,0,0,0,0,0,0,0,0,0,0,0
12,22824,12427,12,1,12,1,540,46,540,46,0,0,0,0,0,0,0,0,0,0,0,0,96,8,96,8,0,0,0,0,0,0,0,0,0,0,0,0,0,0,0,0,0,0,0,0,0,0
26,20276,1793,26,1,26,1,1170,46,1170,46,0,0,0,0,0,0,0,0,0,0,0,0,208,8,208,8,0,0,0,0,0,0,0,0,0,0,0,0,0,0,0,0,0,0,0,0,0,0
2,1760,1398,2,1,2,1,90,46,90,46,0,0,0,0,0,0,0,0,0,0,0,0,16,8,16,8,0,0,0,0,0,0,0,0,0,0,0,0,0,0,0,0,0,0,0,0,0,0
4,2341476,1310457,6,2,2,1,182,92,90,46,2340186,1310457,0,0,0,0,0,0,0,0,0,0,32,16,16,8,0,0,0,0,0,0,0,0,0,0,0,0,0,0,0,0,0,0,0,0,1,1
2,9751,9026,2,1,2,1,90,46,90,46,0,0,0,0,0,0,0,0,0,0,0,0,16,8,16,8,0,0,0,0,0,0,0,0,0,0,0,0,0,0,0,0,0,0,0,0,0,0
2,1651,1422,2,1,2,1,90,46,90,46,0,0,0,0,0,0,0,0,0,0,0,0,16,8,16,8,0,0,0,0,0,0,0,0,0,0,0,0,0,0,0,0,0,0,0,0,0,0
2,1768,1472,2,1,2,1,90,46,90,46,0,0,0,0,0,0,0,0,0,0,0,0,16,8,16,8,0,0,0,0,0,0,0,0,0,0,0,0,0,0,0,0,0,0,0,0,0,0
0,0,0,0,0,0,0,0,0,0,0,0,0,0,0,0,0,0,0,0,0,0,0,0,0,0,0,0,0,0,0,0,0,0,0,0,0,0,0,0,0,0,0,0,0,0,0,0,0
2,2173,1888,2,1,2,1,90,46,90,46,0,0,0,0,0,0,0,0,0,0,0,0,16,8,16,8,0,0,0,0,0,0,0,0,0,0,0,0,0,0,0,0,0,0,0,0,0,0
2,32610,32027,2,1,2,1,90,46,139,95,0,0,0,0,0,0,0,0,0,0,0,0,16,8,16,8,0,0,0,0,0,0,0,0,0,0,0,0,0,0,0,0,0,0,0,0,0,0
2,2332,2008,2,1,2,1,90,46,90,46,0,0,0,0,0,0,0,0,0,0,0,0,16,8,16,8,0,0,0,0,0,0,0,0,0,0,0,0,0,0,0,0,0,0,0,0,0,0
2,1876,1716,2,1,2,1,90,46,90,46,0,0,0,0,0,0,0,0,0,0,0,0,16,8,16,8,0,0,0,0,0,0,0,0,0,0,0,0,0,0,0,0,0,0,0,0,0,0
2,1536,1384,2,1,2,1,90,46,90,46,0,0,0,0,0,0,0,0,0,0,0,0,16,8,16,8,0,0,0,0,0,0,0,0,0,0,0,0,0,0,0,0,0,0,0,0,0,0
0,0,0,0,0,0,0,0,0,0,0,0,0,0,0,0,0,0,0,0,0,0,0,0,0,0,0,0,0,0,0,0,0,0,0,0,0,0,0,0,0,0,0,0,0,0,0,0,0
2,2071,1685,2,1,2,1,90,46,90,46,0,0,0,0,0,0,0,0,0,0,0,0,16,8,16,8,0,0,0,0,0,0,0,0,0,0,0,0,0,0,0,0,0,0,0,0,0,0
2,1731,1508,2,1,2,1,90,46,90,46,0,0,0,0,0,0,0,0,0,0,0,0,16,8,16,8,0,0,0,0,0,0,0,0,0,0,0,0,0,0,0,0,0,0,0,0,0,0
0,0,0,0,0,0,0,0,0,0,0,0,0,0,0,0,0,0,0,0,0,0,0,0,0,0,0,0,0,0,0,0,0,0,0,0,0,0,0,0,0,0,0,0,0,0,0,0,0
0,0,0,0,0,0,0,0,0,0,0,0,0,0,0,0,0,0,0,0,0,0,0,0,0,0,0,0,0,0,0,0,0,0,0,0,0,0,0,0,0,0,0,0,0,0,0,0,0
2,1900,1586,2,1,2,1,90,46,90,46,0,0,0,0,0,0,0,0,0,0,0,0,16,8,16,8,0,0,0,0,0,0,0,0,0,0,0,0,0,0,0,0,0,0,0,0,0,0
2,4634,3322,2,1,2,1,90,46,90,46,0,0,0,0,0,0,0,0,0,0,0,0,16,8,16,8,0,0,0,0,0,0,0,0,0,0,0,0,0,0,0,0,0,0,0,0,0,0
0,0,0,0,0,0,0,0,0,0,0,0,0,0,0,0,0,0,0,0,0,0,0,0,0,0,0,0,0,0,0,0,0,0,0,0,0,0,0,0,0,0,0,0,0,0,0,0,0
2,2785,1506,2,1,2,1,90,46,90,46,0,0,0,0,0,0,0,0,0,0,0,0,16,8,16,8,0,0,0,0,0,0,0,0,0,0,0,0,0,0,0,0,0,0,0,0,0,0
2,3049,2299,2,1,2,1,90,46,90,46,0,0,0,0,0,0,0,0,0,0,0,0,16,8,16,8,0,0,0,0,0,0,0,0,0,0,0,0,0,0,0,0,0,0,0,0,0,0
2,1837,1508,2,1,2,1,90,46,90,46,0,0,0,0,0,0,0,0,0,0,0,0,16,8,16,8,0,0,0,0,0,0,0,0,0,0,0,0,0,0,0,0,0,0,0,0,0,0
0,0,0,0,0,0,0,0,0,0,0,0,0,0,0,0,0,0,0,0,0,0,0,0,0,0,0,0,0,0,0,0,0,0,0,0,0,0,0,0,0,0,0,0,0,0,0,0,0
0,0,0,0,0,0,0,0,0,0,0,0,0,0,0,0,0,0,0,0,0,0,0,0,0,0,0,0,0,0,0,0,0,0,0,0,0,0,0,0,0,0,0,0,0,0,0,0,0
2,2327,1966,2,1,2,1,90,46,90,46,0,0,0,0,0,0,0,0,0,0,0,0,16,8,16,8,0,0,0,0,0,0,0,0,0,0,0,0,0,0,0,0,0,0,0,0,0,0
2,6763,4997,2,1,2,1,90,46,90,46,0,0,0,0,0,0,0,0,0,0,0,0,16,8,16,8,0,0,0,0,0,0,0,0,0,0,0,0,0,0,0,0,0,0,0,0,0,0
0,0,0,0,0,0,0,0,0,0,0,0,0,0,0,0,0,0,0,0,0,0,0,0,0,0,0,0,0,0,0,0,0,0,0,0,0,0,0,0,0,0,0,0,0,0,0,0,0
2,1934,1633,2,1,2,1,90,46,90,46,0,0,0,0,0,0,0,0,0,0,0,0,16,8,16,8,0,0,0,0,0,0,0,0,0,0,0,0,0,0,0,0,0,0,0,0,0,0
2,945,604,2,1,2,1,90,46,90,46,0,0,0,0,0,0,0,0,0,0,0,0,16,8,16,8,0,0,0,0,0,0,0,0,0,0,0,0,0,0,0,0,0,0,0,0,0,0
2,840,609,2,1,2,1,90,46,90,46,0,0,0,0,0,0,0,0,0,0,0,0,16,8,16,8,0,0,0,0,0,0,0,0,0,0,0,0,0,0,0,0,0,0,0,0,0,0
2,15718,10579,2,1,2,1,90,46,90,46,0,0,0,0,0,0,0,0,0,0,0,0,16,8,16,8,0,0,0,0,0,0,0,0,0,0,0,0,0,0,0,0,0,0,0,0,0,0
2,14833,14100,2,1,2,1,90,46,139,95,0,0,0,0,0,0,0,0,0,0,0,0,16,8,16,8,0,0,0,0,0,0,0,0,0,0,0,0,0,0,0,0,0,0,0,0,0,0
2,2764,2008,2,1,2,1,90,46,90,46,0,0,0,0,0,0,0,0,0,0,0,0,16,8,16,8,0,0,0,0,0,0,0,0,0,0,0,0,0,0,0,0,0,0,0,0,0,0
2,1750,1362,2,1,2,1,90,46,90,46,0,0,0,0,0,0,0,0,0,0,0,0,16,8,16,8,0,0,0,0,0,0,0,0,0,0,0,0,0,0,0,0,0,0,0,0,0,0
2,9073,8495,2,1,2,1,90,46,139,95,0,0,0,0,0,0,0,0,0,0,0,0,16,8,16,8,0,0,0,0,0,0,0,0,0,0,0,0,0,0,0,0,0,0,0,0,0,0
0,0,0,0,0,0,0,0,0,0,0,0,0,0,0,0,0,0,0,0,0,0,0,0,0,0,0,0,0,0,0,0,0,0,0,0,0,0,0,0,0,0,0,0,0,0,0,0,0
2,2183,1874,2,1,2,1,90,46,90,46,0,0,0,0,0,0,0,0,0,0,0,0,16,8,16,8,0,0,0,0,0,0,0,0,0,0,0,0,0,0,0,0,0,0,0,0,0,0
3,10077,7667,3,1,3,1,730,640,90,46,0,0,0,0,1,1,0,0,0,0,0,0,48,32,48,32,0,0,0,0,0,0,1,1,2,2,0,0,0,0,0,0,4060,4060,501,501,0,0
2,9927,9193,2,1,2,1,90,46,90,46,0,0,0,0,0,0,0,0,0,0,0,0,16,8,16,8,0,0,0,0,0,0,0,0,0,0,0,0,0,0,0,0,0,0,0,0,0,0
3,3154,1395,3,1,3,1,730,640,90,46,0,0,0,0,1,1,0,0,0,0,0,0,48,32,48,32,0,0,0,0,0,0,1,1,2,2,0,0,0,0,0,0,4060,4060,501,501,0,0
0,0,0,0,0,0,0,0,0,0,0,0,0,0,0,0,0,0,0,0,0,0,0,0,0,0,0,0,0,0,0,0,0,0,0,0,0,0,0,0,0,0,0,0,0,0,0,0,0
2,1417,1285,2,1,2,1,90,46,90,46,0,0,0,0,0,0,0,0,0,0,0,0,16,8,16,8,0,0,0,0,0,0,0,0,0,0,0,0,0,0,0,0,0,0,0,0,0,0
2,1684,1416,2,1,2,1,90,46,90,46,0,0,0,0,0,0,0,0,0,0,0,0,16,8,16,8,0,0,0,0,0,0,0,0,0,0,0,0,0,0,0,0,0,0,0,0,0,0
2,1064,679,2,1,2,1,90,46,90,46,0,0,0,0,0,0,0,0,0,0,0,0,16,8,16,8,0,0,0,0,0,0,0,0,0,0,0,0,0,0,0,0,0,0,0,0,0,0
6,34280,10774,6,1,6,1,270,46,270,46,0,0,0,0,0,0,0,0,0,0,0,0,48,8,48,8,0,0,0,0,0,0,0,0,0,0,0,0,0,0,0,0,0,0,0,0,0,0
0,0,0,0,0,0,0,0,0,0,0,0,0,0,0,0,0,0,0,0,0,0,0,0,0,0,0,0,0,0,0,0,0,0,0,0,0,0,0,0,0,0,0,0,0,0,0,0,0
6,10418,5438,6,1,6,1,270,46,270,46,0,0,0,0,0,0,0,0,0,0,0,0,48,8,48,8,0,0,0,0,0,0,0,0,0,0,0,0,0,0,0,0,0,0,0,0,0,0
2,936,642,2,1,2,1,90,46,90,46,0,0,0,0,0,0,0,0,0,0,0,0,16,8,16,8,0,0,0,0,0,0,0,0,0,0,0,0,0,0,0,0,0,0,0,0,0,0
3,9278,5162,3,1,3,1,634,544,90,46,0,0,0,0,1,1,0,0,0,0,0,0,48,32,48,32,0,0,0,0,0,0,1,1,2,2,0,0,0,0,0,0,4060,4060,501,501,0,0
3,2678,1326,3,1,3,1,634,544,90,46,0,0,0,0,1,1,0,0,0,0,0,0,48,32,48,32,0,0,0,0,0,0,1,1,2,2,0,0,0,0,0,0,4060,4060,501,501,0,0
2,3043,2671,2,1,2,1,90,46,90,46,0,0,0,0,0,0,0,0,0,0,0,0,16,8,16,8,0,0,0,0,0,0,0,0,0,0,0,0,0,0,0,0,0,0,0,0,0,0
2,1430,961,2,1,2,1,90,46,90,46,0,0,0,0,0,0,0,0,0,0,0,0,16,8,16,8,0,0,0,0,0,0,0,0,0,0,0,0,0,0,0,0,0,0,0,0,0,0
2,2069,1746,2,1,2,1,90,46,90,46,0,0,0,0,0,0,0,0,0,0,0,0,16,8,16,8,0,0,0,0,0,0,0,0,0,0,0,0,0,0,0,0,0,0,0,0,0,0
0,0,0,0,0,0,0,0,0,0,0,0,0,0,0,0,0,0,0,0,0,0,0,0,0,0,0,0,0,0,0,0,0,0,0,0,0,0,0,0,0,0,0,0,0,0,0,0,0
0,0,0,0,0,0,0,0,0,0,0,0,0,0,0,0,0,0,0,0,0,0,0,0,0,0,0,0,0,0,0,0,0,0,0,0,0,0,0,0,0,0,0,0,0,0,0,0,0
2,1870,1647,2,1,2,1,90,46,90,46,0,0,0,0,0,0,0,0,0,0,0,0,16,8,16,8,0,0,0,0,0,0,0,0,0,0,0,0,0,0,0,0,0,0,0,0,0,0
2,1863,1531,2,1,2,1,90,46,90,46,0,0,0,0,0,0,0,0,0,0,0,0,16,8,16,8,0,0,0,0,0,0,0,0,0,0,0,0,0,0,0,0,0,0,0,0,0,0
0,0,0,0,0,0,0,0,0,0,0,0,0,0,0,0,0,0,0,0,0,0,0,0,0,0,0,0,0,0,0,0,0,0,0,0,0,0,0,0,0,0,0,0,0,0,0,0,0
11,5068466,2976571,17,3,8,1,2904,1644,360,46,5048314,2976571,0,0,0,0,0,0,0,0,0,0,112,24,64,8,0,0,0,0,0,0,0,0,0,0,0,0,0,0,0,0,0,0,0,0,4,2
2,2260,1944,2,1,2,1,90,46,90,46,0,0,0,0,0,0,0,0,0,0,0,0,16,8,16,8,0,0,0,0,0,0,0,0,0,0,0,0,0,0,0,0,0,0,0,0,0,0
6,5226,1973,6,1,6,1,270,46,270,46,0,0,0,0,0,0,0,0,0,0,0,0,48,8,48,8,0,0,0,0,0,0,0,0,0,0,0,0,0,0,0,0,0,0,0,0,0,0
2,865,579,2,1,2,1,90,46,90,46,0,0,0,0,0,0,0,0,0,0,0,0,16,8,16,8,0,0,0,0,0,0,0,0,0,0,0,0,0,0,0,0,0,0,0,0,0,0
0,0,0,0,0,0,0,0,0,0,0,0,0,0,0,0,0,0,0,0,0,0,0,0,0,0,0,0,0,0,0,0,0,0,0,0,0,0,0,0,0,0,0,0,0,0,0,0,0
0,0,0,0,0,0,0,0,0,0,0,0,0,0,0,0,0,0,0,0,0,0,0,0,0,0,0,0,0,0,0,0,0,0,0,0,0,0,0,0,0,0,0,0,0,0,0,0,0
2,1687,1488,2,1,2,1,90,46,90,46,0,0,0,0,0,0,0,0,0,0,0,0,16,8,16,8,0,0,0,0,0,0,0,0,0,0,0,0,0,0,0,0,0,0,0,0,0,0
6,17121,10820,6,1,6,1,270,46,270,46,0,0,0,0,0,0,0,0,0,0,0,0,48,8,48,8,0,0,0,0,0,0,0,0,0,0,0,0,0,0,0,0,0,0,0,0,0,0
2,931,582,2,1,2,1,90,46,90,46,0,0,0,0,0,0,0,0,0,0,0,0,16,8,16,8,0,0,0,0,0,0,0,0,0,0,0,0,0,0,0,0,0,0,0,0,0,0
0,0,0,0,0,0,0,0,0,0,0,0,0,0,0,0,0,0,0,0,0,0,0,0,0,0,0,0,0,0,0,0,0,0,0,0,0,0,0,0,0,0,0,0,0,0,0,0,0
2,2458,2068,2,1,2,1,90,46,90,46,0,0,0,0,0,0,0,0,0,0,0,0,16,8,16,8,0,0,0,0,0,0,0,0,0,0,0,0,0,0,0,0,0,0,0,0,0,0
0,0,0,0,0,0,0,0,0,0,0,0,0,0,0,0,0,0,0,0,0,0,0,0,0,0,0,0,0,0,0,0,0,0,0,0,0,0,0,0,0,0,0,0,0,0,0,0,0
2,6991,5264,2,1,2,1,90,46,90,46,0,0,0,0,0,0,0,0,0,0,0,0,16,8,16,8,0,0,0,0,0,0,0,0,0,0,0,0,0,0,0,0,0,0,0,0,0,0
2,4738,2605,2,1,2,1,90,46,90,46,0,0,0,0,0,0,0,0,0,0,0,0,16,8,16,8,0,0,0,0,0,0,0,0,0,0,0,0,0,0,0,0,0,0,0,0,0,0
2,957,596,2,1,2,1,90,46,90,46,0,0,0,0,0,0,0,0,0,0,0,0,16,8,16,8,0,0,0,0,0,0,0,0,0,0,0,0,0,0,0,0,0,0,0,0,0,0
2,1934,1611,2,1,2,1,90,46,90,46,0,0,0,0,0,0,0,0,0,0,0,0,16,8,16,8,0,0,0,0,0,0,0,0,0,0,0,0,0,0,0,0,0,0,0,0,0,0
2,1745,1473,2,1,2,1,90,46,90,46,0,0,0,0,0,0,0,0,0,0,0,0,16,8,16,8,0,0,0,0,0,0,0,0,0,0,0,0,0,0,0,0,0,0,0,0,0,0
2,12490,11271,2,1,2,1,90,46,90,46,0,0,0,0,0,0,0,0,0,0,0,0,16,8,16,8,0,0,0,0,0,0,0,0,0,0,0,0,0,0,0,0,0,0,0,0,0,0
3,2291,1508,3,1,3,1,778,688,90,46,0,0,0,0,1,1,0,0,0,0,0,0,48,32,48,32,0,0,0,0,0,0,1,1,2,2,0,0,0,0,0,0,4060,4060,501,501,0,0
0,0,0,0,0,0,0,0,0,0,0,0,0,0,0,0,0,0,0,0,0,0,0,0,0,0,0,0,0,0,0,0,0,0,0,0,0,0,0,0,0,0,0,0,0,0,0,0,0
2,1744,1550,2,1,2,1,90,46,90,46,0,0,0,0,0,0,0,0,0,0,0,0,16,8,16,8,0,0,0,0,0,0,0,0,0,0,0,0,0,0,0,0,0,0,0,0,0,0
2,3237,2335,2,1,2,1,90,46,90,46,0,0,0,0,0,0,0,0,0,0,0,0,16,8,16,8,0,0,0,0,0,0,0,0,0,0,0,0,0,0,0,0,0,0,0,0,0,0
2,2220,2024,2,1,2,1,90,46,90,46,0,0,0,0,0,0,0,0,0,0,0,0,16,8,16,8,0,0,0,0,0,0,0,0,0,0,0,0,0,0,0,0,0,0,0,0,0,0
2,2136,1844,2,1,2,1,90,46,90,46,0,0,0,0,0,0,0,0,0,0,0,0,16,8,16,8,0,0,0,0,0,0,0,0,0,0,0,0,0,0,0,0,0,0,0,0,0,0
2,4157,2755,2,1,2,1,90,46,90,46,0,0,0,0,0,0,0,0,0,0,0,0,16,8,16,8,0,0,0,0,0,0,0,0,0,0,0,0,0,0,0,0,0,0,0,0,0,0
2,1620,1330,2,1,2,1,90,46,90,46,0,0,0,0,0,0,0,0,0,0,0,0,16,8,16,8,0,0,0,0,0,0,0,0,0,0,0,0,0,0,0,0,0,0,0,0,0,0
2,1750,1367,2,1,2,1,90,46,90,46,0,0,0,0,0,0,0,0,0,0,0,0,16,8,16,8,0,0,0,0,0,0,0,0,0,0,0,0,0,0,0,0,0,0,0,0,0,0
2,1351,1016,2,1,2,1,90,46,90,46,0,0,0,0,0,0,0,0,0,0,0,0,16,8,16,8,0,0,0,0,0,0,0,0,0,0,0,0,0,0,0,0,0,0,0,0,0,0
2,852,646,2,1,2,1,90,46,90,46,0,0,0,0,0,0,0,0,0,0,0,0,16,8,16,8,0,0,0,0,0,0,0,0,0,0,0,0,0,0,0,0,0,0,0,0,0,0
12,15564,6837,12,1,12,1,540,46,589,93,0,0,0,0,0,0,0,0,0,0,0,0,96,8,96,8,0,0,0,0,0,0,0,0,0,0,0,0,0,0,0,0,0,0,0,0,0,0
0,0,0,0,0,0,0,0,0,0,0,0,0,0,0,0,0,0,0,0,0,0,0,0,0,0,0,0,0,0,0,0,0,0,0,0,0,0,0,0,0,0,0,0,0,0,0,0,0
2,3731,2183,2,1,2,1,90,46,90,46,0,0,0,0,0,0,0,0,0,0,0,0,16,8,16,8,0,0,0,0,0,0,0,0,0,0,0,0,0,0,0,0,0,0,0,0,0,0
0,0,0,0,0,0,0,0,0,0,0,0,0,0,0,0,0,0,0,0,0,0,0,0,0,0,0,0,0,0,0,0,0,0,0,0,0,0,0,0,0,0,0,0,0,0,0,0,0
0,0,0,0,0,0,0,0,0,0,0,0,0,0,0,0,0,0,0,0,0,0,0,0,0,0,0,0,0,0,0,0,0,0,0,0,0,0,0,0,0,0,0,0,0,0,0,0,0
2,1644,1387,2,1,2,1,90,46,90,46,0,0,0,0,0,0,0,0,0,0,0,0,16,8,16,8,0,0,0,0,0,0,0,0,0,0,0,0,0,0,0,0,0,0,0,0,0,0
2,1077,725,2,1,2,1,90,46,90,46,0,0,0,0,0,0,0,0,0,0,0,0,16,8,16,8,0,0,0,0,0,0,0,0,0,0,0,0,0,0,0,0,0,0,0,0,0,0
0,0,0,0,0,0,0,0,0,0,0,0,0,0,0,0,0,0,0,0,0,0,0,0,0,0,0,0,0,0,0,0,0,0,0,0,0,0,0,0,0,0,0,0,0,0,0,0,0
2,1377,980,2,1,2,1,90,46,90,46,0,0,0,0,0,0,0,0,0,0,0,0,16,8,16,8,0,0,0,0,0,0,0,0,0,0,0,0,0,0,0,0,0,0,0,0,0,0
2,1483,1077,2,1,2,1,90,46,90,46,0,0,0,0,0,0,0,0,0,0,0,0,16,8,16,8,0,0,0,0,0,0,0,0,0,0,0,0,0,0,0,0,0,0,0,0,0,0
2,1706,1422,2,1,2,1,90,46,90,46,0,0,0,0,0,0,0,0,0,0,0,0,16,8,16,8,0,0,0,0,0,0,0,0,0,0,0,0,0,0,0,0,0,0,0,0,0,0
2,2051,1702,2,1,2,1,90,46,90,46,0,0,0,0,0,0,0,0,0,0,0,0,16,8,16,8,0,0,0,0,0,0,0,0,0,0,0,0,0,0,0,0,0,0,0,0,0,0
0,0,0,0,0,0,0,0,0,0,0,0,0,0,0,0,0,0,0,0,0,0,0,0,0,0,0,0,0,0,0,0,0,0,0,0,0,0,0,0,0,0,0,0,0,0,0,0,0
0,0,0,0,0,0,0,0,0,0,0,0,0,0,0,0,0,0,0,0,0,0,0,0,0,0,0,0,0,0,0,0,0,0,0,0,0,0,0,0,0,0,0,0,0,0,0,0,0
0,0,0,0,0,0,0,0,0,0,0,0,0,0,0,0,0,0,0,0,0,0,0,0,0,0,0,0,0,0,0,0,0,0,0,0,0,0,0,0,0,0,0,0,0,0,0,0,0
2,1993,1412,2,1,2,1,90,46,90,46,0,0,0,0,0,0,0,0,0,0,0,0,16,8,16,8,0,0,0,0,0,0,0,0,0,0,0,0,0,0,0,0,0,0,0,0,0,0
2,1938,1624,2,1,2,1,90,46,90,46,0,0,0,0,0,0,0,0,0,0,0,0,16,8,16,8,0,0,0,0,0,0,0,0,0,0,0,0,0,0,0,0,0,0,0,0,0,0
0,0,0,0,0,0,0,0,0,0,0,0,0,0,0,0,0,0,0,0,0,0,0,0,0,0,0,0,0,0,0,0,0,0,0,0,0,0,0,0,0,0,0,0,0,0,0,0,0
3,2885,1290,3,1,3,1,634,544,90,46,0,0,0,0,1,1,0,0,0,0,0,0,48,32,48,32,0,0,0,0,0,0,1,1,2,2,0,0,0,0,0,0,4060,4060,501,501,0,0
2,2034,1701,2,1,2,1,90,46,90,46,0,0,0,0,0,0,0,0,0,0,0,0,16,8,16,8,0,0,0,0,0,0,0,0,0,0,0,0,0,0,0,0,0,0,0,0,0,0
2,5260,3673,2,1,2,1,90,46,90,46,0,0,0,0,0,0,0,0,0,0,0,0,16,8,16,8,0,0,0,0,0,0,0,0,0,0,0,0,0,0,0,0,0,0,0,0,0,0
2,1976,1642,2,1,2,1,90,46,90,46,0,0,0,0,0,0,0,0,0,0,0,0,16,8,16,8,0,0,0,0,0,0,0,0,0,0,0,0,0,0,0,0,0,0,0,0,0,0
2,1753,1399,2,1,2,1,90,46,90,46,0,0,0,0,0,0,0,0,0,0,0,0,16,8,16,8,0,0,0,0,0,0,0,0,0,0,0,0,0,0,0,0,0,0,0,0,0,0
2,1835,1515,2,1,2,1,90,46,90,46,0,0,0,0,0,0,0,0,0,0,0,0,16,8,16,8,0,0,0,0,0,0,0,0,0,0,0,0,0,0,0,0,0,0,0,0,0,0
0,0,0,0,0,0,0,0,0,0,0,0,0,0,0,0,0,0,0,0,0,0,0,0,0,0,0,0,0,0,0,0,0,0,0,0,0,0,0,0,0,0,0,0,0,0,0,0,0
1,902,902,1,1,1,1,46,46,46,46,0,0,0,0,0,0,0,0,0,0,0,0,8,8,8,8,0,0,0,0,0,0,0,0,0,0,0,0,0,0,0,0,0,0,0,0,0,0
2,1633,1414,2,1,2,1,90,46,90,46,0,0,0,0,0,0,0,0,0,0,0,0,16,8,16,8,0,0,0,0,0,0,0,0,0,0,0,0,0,0,0,0,0,0,0,0,0,0
2,1885,1618,2,1,2,1,90,46,90,46,0,0,0,0,0,0,0,0,0,0,0,0,16,8,16,8,0,0,0,0,0,0,0,0,0,0,0,0,0,0,0,0,0,0,0,0,0,0
3,1365,791,3,1,3,1,874,784,90,46,0,0,0,0,1,1,0,0,0,0,0,0,48,32,48,32,0,0,0,0,0,0,1,1,2,2,0,0,0,0,0,0,4060,4060,501,501,0,0
3,1460,838,3,1,3,1,458,368,90,46,0,0,0,0,1,1,0,0,0,0,0,0,48,32,48,32,0,0,0,0,0,0,1,1,2,2,0,0,0,0,0,0,4060,4060,501,501,0,0
2,1385,1037,2,1,2,1,90,46,90,46,0,0,0,0,0,0,0,0,0,0,0,0,16,8,16,8,0,0,0,0,0,0,0,0,0,0,0,0,0,0,0,0,0,0,0,0,0,0
2,1637,1333,2,1,2,1,90,46,90,46,0,0,0,0,0,0,0,0,0,0,0,0,16,8,16,8,0,0,0,0,0,0,0,0,0,0,0,0,0,0,0,0,0,0,0,0,0,0
2,2439,2079,2,1,2,1,90,46,90,46,0,0,0,0,0,0,0,0,0,0,0,0,16,8,16,8,0,0,0,0,0,0,0,0,0,0,0,0,0,0,0,0,0,0,0,0,0,0
0,0,0,0,0,0,0,0,0,0,0,0,0,0,0,0,0,0,0,0,0,0,0,0,0,0,0,0,0,0,0,0,0,0,0,0,0,0,0,0,0,0,0,0,0,0,0,0,0
2,801,582,2,1,2,1,90,46,90,46,0,0,0,0,0,0,0,0,0,0,0,0,16,8,16,8,0,0,0,0,0,0,0,0,0,0,0,0,0,0,0,0,0,0,0,0,0,0
1,2283,2283,1,1,1,1,46,46,46,46,0,0,0,0,0,0,0,0,0,0,0,0,8,8,8,8,0,0,0,0,0,0,0,0,0,0,0,0,0,0,0,0,0,0,0,0,0,0
2,1993,1666,2,1,2,1,90,46,90,46,0,0,0,0,0,0,0,0,0,0,0,0,16,8,16,8,0,0,0,0,0,0,0,0,0,0,0,0,0,0,0,0,0,0,0,0,0,0
2,11382,11035,2,1,2,1,90,46,139,95,0,0,0,0,0,0,0,0,0,0,0,0,16,8,16,8,0,0,0,0,0,0,0,0,0,0,0,0,0,0,0,0,0,0,0,0,0,0
1,890,890,1,1,1,1,46,46,46,46,0,0,0,0,0,0,0,0,0,0,0,0,8,8,8,8,0,0,0,0,0,0,0,0,0,0,0,0,0,0,0,0,0,0,0,0,0,0
4,18511,14222,4,1,4,1,180,46,180,46,0,0,0,0,0,0,0,0,0,0,0,0,32,8,32,8,0,0,0,0,0,0,0,0,0,0,0,0,0,0,0,0,0,0,0,0,0,0
2,1866,1559,2,1,2,1,90,46,90,46,0,0,0,0,0,0,0,0,0,0,0,0,16,8,16,8,0,0,0,0,0,0,0,0,0,0,0,0,0,0,0,0,0,0,0,0,0,0
2,912,677,2,1,2,1,90,46,90,46,0,0,0,0,0,0,0,0,0,0,0,0,16,8,16,8,0,0,0,0,0,0,0,0,0,0,0,0,0,0,0,0,0,0,0,0,0,0
2,6067,3856,2,1,2,1,90,46,90,46,0,0,0,0,0,0,0,0,0,0,0,0,16,8,16,8,0,0,0,0,0,0,0,0,0,0,0,0,0,0,0,0,0,0,0,0,0,0
0,0,0,0,0,0,0,0,0,0,0,0,0,0,0,0,0,0,0,0,0,0,0,0,0,0,0,0,0,0,0,0,0,0,0,0,0,0,0,0,0,0,0,0,0,0,0,0,0
8,17486,11290,8,1,8,1,360,46,409,95,0,0,0,0,0,0,0,0,0,0,0,0,64,8,64,8,0,0,0,0,0,0,0,0,0,0,0,0,0,0,0,0,0,0,0,0,0,0
2,1876,1620,2,1,2,1,90,46,90,46,0,0,0,0,0,0,0,0,0,0,0,0,16,8,16,8,0,0,0,0,0,0,0,0,0,0,0,0,0,0,0,0,0,0,0,0,0,0
2,4718,4408,2,1,2,1,90,46,139,95,0,0,0,0,0,0,0,0,0,0,0,0,16,8,16,8,0,0,0,0,0,0,0,0,0,0,0,0,0,0,0,0,0,0,0,0,0,0
2,1514,1360,2,1,2,1,90,46,90,46,0,0,0,0,0,0,0,0,0,0,0,0,16,8,16,8,0,0,0,0,0,0,0,0,0,0,0,0,0,0,0,0,0,0,0,0,0,0
2,903,567,2,1,2,1,90,46,90,46,0,0,0,0,0,0,0,0,0,0,0,0,16,8,16,8,0,0,0,0,0,0,0,0,0,0,0,0,0,0,0,0,0,0,0,0,0,0
2,13872,9811,2,1,2,1,90,46,90,46,0,0,0,0,0,0,0,0,0,0,0,0,16,8,16,8,0,0,0,0,0,0,0,0,0,0,0,0,0,0,0,0,0,0,0,0,0,0
2,2248,1766,2,1,2,1,90,46,90,46,0,0,0,0,0,0,0,0,0,0,0,0,16,8,16,8,0,0,0,0,0,0,0,0,0,0,0,0,0,0,0,0,0,0,0,0,0,0
2,1844,1595,2,1,2,1,90,46,90,46,0,0,0,0,0,0,0,0,0,0,0,0,16,8,16,8,0,0,0,0,0,0,0,0,0,0,0,0,0,0,0,0,0,0,0,0,0,0
2,1917,1552,2,1,2,1,90,46,90,46,0,0,0,0,0,0,0,0,0,0,0,0,16,8,16,8,0,0,0,0,0,0,0,0,0,0,0,0,0,0,0,0,0,0,0,0,0,0
0,0,0,0,0,0,0,0,0,0,0,0,0,0,0,0,0,0,0,0,0,0,0,0,0,0,0,0,0,0,0,0,0,0,0,0,0,0,0,0,0,0,0,0,0,0,0,0,0
2,959,685,2,1,2,1,90,46,90,46,0,0,0,0,0,0,0,0,0,0,0,0,16,8,16,8,0,0,0,0,0,0,0,0,0,0,0,0,0,0,0,0,0,0,0,0,0,0
2,2232,1919,2,1,2,1,90,46,90,46,0,0,0,0,0,0,0,0,0,0,0,0,16,8,16,8,0,0,0,0,0,0,0,0,0,0,0,0,0,0,0,0,0,0,0,0,0,0
2,3970,3594,2,1,2,1,90,46,90,46,0,0,0,0,0,0,0,0,0,0,0,0,16,8,16,8,0,0,0,0,0,0,0,0,0,0,0,0,0,0,0,0,0,0,0,0,0,0
2,2014,1687,2,1,2,1,90,46,90,46,0,0,0,0,0,0,0,0,0,0,0,0,16,8,16,8,0,0,0,0,0,0,0,0,0,0,0,0,0,0,0,0,0,0,0,0,0,0
2,1610,1429,2,1,2,1,90,46,90,46,0,0,0,0,0,0,0,0,0,0,0,0,16,8,16,8,0,0,0,0,0,0,0,0,0,0,0,0,0,0,0,0,0,0,0,0,0,0
2,11074,9801,2,1,2,1,90,46,90,46,0,0,0,0,0,0,0,0,0,0,0,0,16,8,16,8,0,0,0,0,0,0,0,0,0,0,0,0,0,0,0,0,0,0,0,0,0,0
2,9193,7781,2,1,2,1,90,46,90,46,0,0,0,0,0,0,0,0,0,0,0,0,16,8,16,8,0,0,0,0,0,0,0,0,0,0,0,0,0,0,0,0,0,0,0,0,0,0
2,1920,1600,2,1,2,1,90,46,90,46,0,0,0,0,0,0,0,0,0,0,0,0,16,8,16,8,0,0,0,0,0,0,0,0,0,0,0,0,0,0,0,0,0,0,0,0,0,0
2,1431,1265,2,1,2,1,90,46,90,46,0,0,0,0,0,0,0,0,0,0,0,0,16,8,16,8,0,0,0,0,0,0,0,0,0,0,0,0,0,0,0,0,0,0,0,0,0,0
2,2336,2022,2,1,2,1,90,46,90,46,0,0,0,0,0,0,0,0,0,0,0,0,16,8,16,8,0,0,0,0,0,0,0,0,0,0,0,0,0,0,0,0,0,0,0,0,0,0
2,5949,4975,2,1,2,1,90,46,139,95,0,0,0,0,0,0,0,0,0,0,0,0,16,8,16,8,0,0,0,0,0,0,0,0,0,0,0,0,0,0,0,0,0,0,0,0,0,0
2,1688,1369,2,1,2,1,90,46,90,46,0,0,0,0,0,0,0,0,0,0,0,0,16,8,16,8,0,0,0,0,0,0,0,0,0,0,0,0,0,0,0,0,0,0,0,0,0,0
12,9346,1715,12,1,12,1,540,46,540,46,0,0,0,0,0,0,0,0,0,0,0,0,96,8,96,8,0,0,0,0,0,0,0,0,0,0,0,0,0,0,0,0,0,0,0,0,0,0
2,1811,1522,2,1,2,1,90,46,90,46,0,0,0,0,0,0,0,0,0,0,0,0,16,8,16,8,0,0,0,0,0,0,0,0,0,0,0,0,0,0,0,0,0,0,0,0,0,0
2,5743,3255,2,1,2,1,90,46,90,46,0,0,0,0,0,0,0,0,0,0,0,0,16,8,16,8,0,0,0,0,0,0,0,0,0,0,0,0,0,0,0,0,0,0,0,0,0,0
0,0,0,0,0,0,0,0,0,0,0,0,0,0,0,0,0,0,0,0,0,0,0,0,0,0,0,0,0,0,0,0,0,0,0,0,0,0,0,0,0,0,0,0,0,0,0,0,0
0,0,0,0,0,0,0,0,0,0,0,0,0,0,0,0,0,0,0,0,0,0,0,0,0,0,0,0,0,0,0,0,0,0,0,0,0,0,0,0,0,0,0,0,0,0,0,0,0
2,2333,1926,2,1,2,1,90,46,90,46,0,0,0,0,0,0,0,0,0,0,0,0,16,8,16,8,0,0,0,0,0,0,0,0,0,0,0,0,0,0,0,0,0,0,0,0,0,0
2,10901,10493,2,1,2,1,90,46,139,95,0,0,0,0,0,0,0,0,0,0,0,0,16,8,16,8,0,0,0,0,0,0,0,0,0,0,0,0,0,0,0,0,0,0,0,0,0,0
0,0,0,0,0,0,0,0,0,0,0,0,0,0,0,0,0,0,0,0,0,0,0,0,0,0,0,0,0,0,0,0,0,0,0,0,0,0,0,0,0,0,0,0,0,0,0,0,0
3,1897,1243,3,1,3,1,634,544,90,46,0,0,0,0,1,1,0,0,0,0,0,0,48,32,48,32,0,0,0,0,0,0,1,1,2,2,0,0,0,0,0,0,4060,4060,501,501,0,0
6,10529,6113,6,1,6,1,270,46,319,95,0,0,0,0,0,0,0,0,0,0,0,0,48,8,48,8,0,0,0,0,0,0,0,0,0,0,0,0,0,0,0,0,0,0,0,0,0,0
2,5069,4641,2,1,2,1,90,46,90,46,0,0,0,0,0,0,0,0,0,0,0,0,16,8,16,8,0,0,0,0,0,0,0,0,0,0,0,0,0,0,0,0,0,0,0,0,0,0
0,0,0,0,0,0,0,0,0,0,0,0,0,0,0,0,0,0,0,0,0,0,0,0,0,0,0,0,0,0,0,0,0,0,0,0,0,0,0,0,0,0,0,0,0,0,0,0,0
2,8676,8066,2,1,2,1,90,46,90,46,0,0,0,0,0,0,0,0,0,0,0,0,16,8,16,8,0,0,0,0,0,0,0,0,0,0,0,0,0,0,0,0,0,0,0,0,0,0
2,853,675,2,1,2,1,90,46,90,46,0,0,0,0,0,0,0,0,0,0,0,0,16,8,16,8,0,0,0,0,0,0,0,0,0,0,0,0,0,0,0,0,0,0,0,0,0,0
2,2240,1829,2,1,2,1,90,46,90,46,0,0,0,0,0,0,0,0,0,0,0,0,16,8,16,8,0,0,0,0,0,0,0,0,0,0,0,0,0,0,0,0,0,0,0,0,0,0
2,1709,1498,2,1,2,1,90,46,90,46,0,0,0,0,0,0,0,0,0,0,0,0,16,8,16,8,0,0,0,0,0,0,0,0,0,0,0,0,0,0,0,0,0,0,0,0,0,0
0,0,0,0,0,0,0,0,0,0,0,0,0,0,0,0,0,0,0,0,0,0,0,0,0,0,0,0,0,0,0,0,0,0,0,0,0,0,0,0,0,0,0,0,0,0,0,0,0
2,2013,1764,2,1,2,1,90,46,90,46,0,0,0,0,0,0,0,0,0,0,0,0,16,8,16,8,0,0,0,0,0,0,0,0,0,0,0,0,0,0,0,0,0,0,0,0,0,0
2,1857,1523,2,1,2,1,90,46,90,46,0,0,0,0,0,0,0,0,0,0,0,0,16,8,16,8,0,0,0,0,0,0,0,0,0,0,0,0,0,0,0,0,0,0,0,0,0,0
12,5481,880,12,1,12,1,540,46,540,46,0,0,0,0,0,0,0,0,0,0,0,0,96,8,96,8,0,0,0,0,0,0,0,0,0,0,0,0,0,0,0,0,0,0,0,0,0,0
2,2326,1965,2,1,2,1,90,46,90,46,0,0,0,0,0,0,0,0,0,0,0,0,16,8,16,8,0,0,0,0,0,0,0,0,0,0,0,0,0,0,0,0,0,0,0,0,0,0
2,1592,1140,2,1,2,1,90,46,90,46,0,0,0,0,0,0,0,0,0,0,0,0,16,8,16,8,0,0,0,0,0,0,0,0,0,0,0,0,0,0,0,0,0,0,0,0,0,0
2,2040,1728,2,1,2,1,90,46,90,46,0,0,0,0,0,0,0,0,0,0,0,0,16,8,16,8,0,0,0,0,0,0,0,0,0,0,0,0,0,0,0,0,0,0,0,0,0,0
2,11243,10879,2,1,2,1,90,46,90,46,0,0,0,0,0,0,0,0,0,0,0,0,16,8,16,8,0,0,0,0,0,0,0,0,0,0,0,0,0,0,0,0,0,0,0,0,0,0
2,2089,1755,2,1,2,1,90,46,90,46,0,0,0,0,0,0,0,0,0,0,0,0,16,8,16,8,0,0,0,0,0,0,0,0,0,0,0,0,0,0,0,0,0,0,0,0,0,0
2,1707,1355,2,1,2,1,90,46,90,46,0,0,0,0,0,0,0,0,0,0,0,0,16,8,16,8,0,0,0,0,0,0,0,0,0,0,0,0,0,0,0,0,0,0,0,0,0,0
2,5133,4653,2,1,2,1,90,46,139,95,0,0,0,0,0,0,0,0,0,0,0,0,16,8,16,8,0,0,0,0,0,0,0,0,0,0,0,0,0,0,0,0,0,0,0,0,0,0
2,828,545,2,1,2,1,90,46,90,46,0,0,0,0,0,0,0,0,0,0,0,0,16,8,16,8,0,0,0,0,0,0,0,0,0,0,0,0,0,0,0,0,0,0,0,0,0,0
2,1072,649,2,1,2,1,90,46,90,46,0,0,0,0,0,0,0,0,0,0,0,0,16,8,16,8,0,0,0,0,0,0,0,0,0,0,0,0,0,0,0,0,0,0,0,0,0,0
1,2076,2076,1,1,1,1,46,46,46,46,0,0,0,0,0,0,0,0,0,0,0,0,8,8,8,8,0,0,0,0,0,0,0,0,0,0,0,0,0,0,0,0,0,0,0,0,0,0
3,3098,1422,3,1,3,1,730,640,90,46,0,0,0,0,1,1,0,0,0,0,0,0,48,32,48,32,0,0,0,0,0,0,1,1,2,2,0,0,0,0,0,0,4060,4060,501,501,0,0
2,1713,1548,2,1,2,1,90,46,90,46,0,0,0,0,0,0,0,0,0,0,0,0,16,8,16,8,0,0,0,0,0,0,0,0,0,0,0,0,0,0,0,0,0,0,0,0,0,0
2,2345,1955,2,1,2,1,90,46,90,46,0,0,0,0,0,0,0,0,0,0,0,0,16,8,16,8,0,0,0,0,0,0,0,0,0,0,0,0,0,0,0,0,0,0,0,0,0,0
8,18767,8752,8,1,8,1,360,46,409,93,0,0,0,0,0,0,0,0,0,0,0,0,64,8,64,8,0,0,0,0,0,0,0,0,0,0,0,0,0,0,0,0,0,0,0,0,0,0
2,919,613,2,1,2,1,90,46,90,46,0,0,0,0,0,0,0,0,0,0,0,0,16,8,16,8,0,0,0,0,0,0,0,0,0,0,0,0,0,0,0,0,0,0,0,0,0,0
2,10687,5791,2,1,2,1,90,46,139,95,0,0,0,0,0,0,0,0,0,0,0,0,16,8,16,8,0,0,0,0,0,0,0,0,0,0,0,0,0,0,0,0,0,0,0,0,0,0
0,0,0,0,0,0,0,0,0,0,0,0,0,0,0,0,0,0,0,0,0,0,0,0,0,0,0,0,0,0,0,0,0,0,0,0,0,0,0,0,0,0,0,0,0,0,0,0,0
2,1789,1485,2,1,2,1,90,46,90,46,0,0,0,0,0,0,0,0,0,0,0,0,16,8,16,8,0,0,0,0,0,0,0,0,0,0,0,0,0,0,0,0,0,0,0,0,0,0
2,13235,11545,2,1,2,1,90,46,90,46,0,0,0,0,0,0,0,0,0,0,0,0,16,8,16,8,0,0,0,0,0,0,0,0,0,0,0,0,0,0,0,0,0,0,0,0,0,0
0,0,0,0,0,0,0,0,0,0,0,0,0,0,0,0,0,0,0,0,0,0,0,0,0,0,0,0,0,0,0,0,0,0,0,0,0,0,0,0,0,0,0,0,0,0,0,0,0
2,2277,1818,2,1,2,1,90,46,90,46,0,0,0,0,0,0,0,0,0,0,0,0,16,8,16,8,0,0,0,0,0,0,0,0,0,0,0,0,0,0,0,0,0,0,0,0,0,0
2,5520,4049,2,1,2,1,90,46,90,46,0,0,0,0,0,0,0,0,0,0,0,0,16,8,16,8,0,0,0,0,0,0,0,0,0,0,0,0,0,0,0,0,0,0,0,0,0,0
2,1612,1348,2,1,2,1,90,46,90,46,0,0,0,0,0,0,0,0,0,0,0,0,16,8,16,8,0,0,0,0,0,0,0,0,0,0,0,0,0,0,0,0,0,0,0,0,0,0
2,1674,1466,2,1,2,1,90,46,90,46,0,0,0,0,0,0,0,0,0,0,0,0,16,8,16,8,0,0,0,0,0,0,0,0,0,0,0,0,0,0,0,0,0,0,0,0,0,0
2,8224,5239,2,1,2,1,90,46,90,46,0,0,0,0,0,0,0,0,0,0,0,0,16,8,16,8,0,0,0,0,0,0,0,0,0,0,0,0,0,0,0,0,0,0,0,0,0,0
0,0,0,0,0,0,0,0,0,0,0,0,0,0,0,0,0,0,0,0,0,0,0,0,0,0,0,0,0,0,0,0,0,0,0,0,0,0,0,0,0,0,0,0,0,0,0,0,0
3,3054,1473,3,1,3,1,938,848,90,46,0,0,0,0,1,1,0,0,0,0,0,0,48,32,48,32,0,0,0,0,0,0,1,1,2,2,0,0,0,0,0,0,4060,4060,501,501,0,0
2,1078,654,2,1,2,1,90,46,90,46,0,0,0,0,0,0,0,0,0,0,0,0,16,8,16,8,0,0,0,0,0,0,0,0,0,0,0,0,0,0,0,0,0,0,0,0,0,0
0,0,0,0,0,0,0,0,0,0,0,0,0,0,0,0,0,0,0,0,0,0,0,0,0,0,0,0,0,0,0,0,0,0,0,0,0,0,0,0,0,0,0,0,0,0,0,0,0
2,1751,1483,2,1,2,1,90,46,90,46,0,0,0,0,0,0,0,0,0,0,0,0,16,8,16,8,0,0,0,0,0,0,0,0,0,0,0,0,0,0,0,0,0,0,0,0,0,0
2,1365,1208,2,1,2,1,90,46,90,46,0,0,0,0,0,0,0,0,0,0,0,0,16,8,16,8,0,0,0,0,0,0,0,0,0,0,0,0,0,0,0,0,0,0,0,0,0,0
0,0,0,0,0,0,0,0,0,0,0,0,0,0,0,0,0,0,0,0,0,0,0,0,0,0,0,0,0,0,0,0,0,0,0,0,0,0,0,0,0,0,0,0,0,0,0,0,0
2,1136,738,2,1,2,1,90,46,90,46,0,0,0,0,0,0,0,0,0,0,0,0,16,8,16,8,0,0,0,0,0,0,0,0,0,0,0,0,0,0,0,0,0,0,0,0,0,0
2,1331,942,2,1,2,1,90,46,90,46,0,0,0,0,0,0,0,0,0,0,0,0,16,8,16,8,0,0,0,0,0,0,0,0,0,0,0,0,0,0,0,0,0,0,0,0,0,0
2,17695,17065,2,1,2,1,90,46,139,95,0,0,0,0,0,0,0,0,0,0,0,0,16,8,16,8,0,0,0,0,0,0,0,0,0,0,0,0,0,0,0,0,0,0,0,0,0,0
6,4226,1569,6,1,6,1,270,46,270,46,0,0,0,0,0,0,0,0,0,0,0,0,48,8,48,8,0,0,0,0,0,0,0,0,0,0,0,0,0,0,0,0,0,0,0,0,0,0
0,0,0,0,0,0,0,0,0,0,0,0,0,0,0,0,0,0,0,0,0,0,0,0,0,0,0,0,0,0,0,0,0,0,0,0,0,0,0,0,0,0,0,0,0,0,0,0,0
2,1599,1414,2,1,2,1,90,46,90,46,0,0,0,0,0,0,0,0,0,0,0,0,16,8,16,8,0,0,0,0,0,0,0,0,0,0,0,0,0,0,0,0,0,0,0,0,0,0
2,1736,1480,2,1,2,1,90,46,90,46,0,0,0,0,0,0,0,0,0,0,0,0,16,8,16,8,0,0,0,0,0,0,0,0,0,0,0,0,0,0,0,0,0,0,0,0,0,0
12,11389,1878,12,1,12,1,540,46,540,46,0,0,0,0,0,0,0,0,0,0,0,0,96,8,96,8,0,0,0,0,0,0,0,0,0,0,0,0,0,0,0,0,0,0,0,0,0,0
0,0,0,0,0,0,0,0,0,0,0,0,0,0,0,0,0,0,0,0,0,0,0,0,0,0,0,0,0,0,0,0,0,0,0,0,0,0,0,0,0,0,0,0,0,0,0,0,0
0,0,0,0,0,0,0,0,0,0,0,0,0,0,0,0,0,0,0,0,0,0,0,0,0,0,0,0,0,0,0,0,0,0,0,0,0,0,0,0,0,0,0,0,0,0,0,0,0
2,5058,3700,2,1,2,1,90,46,90,46,0,0,0,0,0,0,0,0,0,0,0,0,16,8,16,8,0,0,0,0,0,0,0,0,0,0,0,0,0,0,0,0,0,0,0,0,0,0
2,1845,1500,2,1,2,1,90,46,90,46,0,0,0,0,0,0,0,0,0,0,0,0,16,8,16,8,0,0,0,0,0,0,0,0,0,0,0,0,0,0,0,0,0,0,0,0,0,0
2,1844,1508,2,1,2,1,90,46,90,46,0,0,0,0,0,0,0,0,0,0,0,0,16,8,16,8,0,0,0,0,0,0,0,0,0,0,0,0,0,0,0,0,0,0,0,0,0,0
2,1847,1484,2,1,2,1,90,46,90,46,0,0,0,0,0,0,0,0,0,0,0,0,16,8,16,8,0,0,0,0,0,0,0,0,0,0,0,0,0,0,0,0,0,0,0,0,0,0
0,0,0,0,0,0,0,0,0,0,0,0,0,0,0,0,0,0,0,0,0,0,0,0,0,0,0,0,0,0,0,0,0,0,0,0,0,0,0,0,0,0,0,0,0,0,0,0,0
2,14631,14318,2,1,2,1,90,46,139,95,0,0,0,0,0,0,0,0,0,0,0,0,16,8,16,8,0,0,0,0,0,0,0,0,0,0,0,0,0,0,0,0,0,0,0,0,0,0
8,23096,6070,8,1,8,1,360,46,360,46,0,0,0,0,0,0,0,0,0,0,0,0,64,8,64,8,0,0,0,0,0,0,0,0,0,0,0,0,0,0,0,0,0,0,0,0,0,0
2,1787,1484,2,1,2,1,90,46,90,46,0,0,0,0,0,0,0,0,0,0,0,0,16,8,16,8,0,0,0,0,0,0,0,0,0,0,0,0,0,0,0,0,0,0,0,0,0,0
2,1795,1498,2,1,2,1,90,46,90,46,0,0,0,0,0,0,0,0,0,0,0,0,16,8,16,8,0,0,0,0,0,0,0,0,0,0,0,0,0,0,0,0,0,0,0,0,0,0
0,0,0,0,0,0,0,0,0,0,0,0,0,0,0,0,0,0,0,0,0,0,0,0,0,0,0,0,0,0,0,0,0,0,0,0,0,0,0,0,0,0,0,0,0,0,0,0,0
2,940,636,2,1,2,1,90,46,90,46,0,0,0,0,0,0,0,0,0,0,0,0,16,8,16,8,0,0,0,0,0,0,0,0,0,0,0,0,0,0,0,0,0,0,0,0,0,0
2,20790,13485,2,1,2,1,90,46,139,95,0,0,0,0,0,0,0,0,0,0,0,0,16,8,16,8,0,0,0,0,0,0,0,0,0,0,0,0,0,0,0,0,0,0,0,0,0,0
0,0,0,0,0,0,0,0,0,0,0,0,0,0,0,0,0,0,0,0,0,0,0,0,0,0,0,0,0,0,0,0,0,0,0,0,0,0,0,0,0,0,0,0,0,0,0,0,0
2,2278,1986,2,1,2,1,90,46,90,46,0,0,0,0,0,0,0,0,0,0,0,0,16,8,16,8,0,0,0,0,0,0,0,0,0,0,0,0,0,0,0,0,0,0,0,0,0,0
2,1954,1623,2,1,2,1,90,46,90,46,0,0,0,0,0,0,0,0,0,0,0,0,16,8,16,8,0,0,0,0,0,0,0,0,0,0,0,0,0,0,0,0,0,0,0,0,0,0
0,0,0,0,0,0,0,0,0,0,0,0,0,0,0,0,0,0,0,0,0,0,0,0,0,0,0,0,0,0,0,0,0,0,0,0,0,0,0,0,0,0,0,0,0,0,0,0,0
13,10814,1818,13,1,13,1,1084,544,540,46,0,0,0,0,1,1,0,0,0,0,0,0,128,32,128,32,0,0,0,0,0,0,1,1,2,2,0,0,0,0,0,0,4060,4060,501,501,0,0
2,2373,2056,2,1,2,1,90,46,90,46,0,0,0,0,0,0,0,0,0,0,0,0,16,8,16,8,0,0,0,0,0,0,0,0,0,0,0,0,0,0,0,0,0,0,0,0,0,0
2,1365,1056,2,1,2,1,90,46,90,46,0,0,0,0,0,0,0,0,0,0,0,0,16,8,16,8,0,0,0,0,0,0,0,0,0,0,0,0,0,0,0,0,0,0,0,0,0,0
0,0,0,0,0,0,0,0,0,0,0,0,0,0,0,0,0,0,0,0,0,0,0,0,0,0,0,0,0,0,0,0,0,0,0,0,0,0,0,0,0,0,0,0,0,0,0,0,0
2,2986,2553,2,1,2,1,90,46,90,46,0,0,0,0,0,0,0,0,0,0,0,0,16,8,16,8,0,0,0,0,0,0,0,0,0,0,0,0,0,0,0,0,0,0,0,0,0,0
2,1849,1669,2,1,2,1,90,46,90,46,0,0,0,0,0,0,0,0,0,0,0,0,16,8,16,8,0,0,0,0,0,0,0,0,0,0,0,0,0,0,0,0,0,0,0,0,0,0
2,1812,1373,2,1,2,1,90,46,90,46,0,0,0,0,0,0,0,0,0,0,0,0,16,8,16,8,0,0,0,0,0,0,0,0,0,0,0,0,0,0,0,0,0,0,0,0,0,0
2,2075,1914,2,1,2,1,90,46,90,46,0,0,0,0,0,0,0,0,0,0,0,0,16,8,16,8,0,0,0,0,0,0,0,0,0,0,0,0,0,0,0,0,0,0,0,0,0,0
1,941,941,1,1,1,1,46,46,46,46,0,0,0,0,0,0,0,0,0,0,0,0,8,8,8,8,0,0,0,0,0,0,0,0,0,0,0,0,0,0,0,0,0,0,0,0,0,0
2,2021,1765,2,1,2,1,90,46,90,46,0,0,0,0,0,0,0,0,0,0,0,0,16,8,16,8,0,0,0,0,0,0,0,0,0,0,0,0,0,0,0,0,0,0,0,0,0,0
2,1920,1573,2,1,2,1,90,46,90,46,0,0,0,0,0,0,0,0,0,0,0,0,16,8,16,8,0,0,0,0,0,0,0,0,0,0,0,0,0,0,0,0,0,0,0,0,0,0
21,24098466,24066399,23,3,20,1,900,46,900,46,24066399,24066399,0,0,0,0,0,0,0,0,0,0,160,8,160,8,0,0,0,0,0,0,0,0,0,0,0,0,0,0,0,0,0,0,0,0,0,0
2,5150,4900,2,1,2,1,90,46,139,95,0,0,0,0,0,0,0,0,0,0,0,0,16,8,16,8,0,0,0,0,0,0,0,0,0,0,0,0,0,0,0,0,0,0,0,0,0,0
0,0,0,0,0,0,0,0,0,0,0,0,0,0,0,0,0,0,0,0,0,0,0,0,0,0,0,0,0,0,0,0,0,0,0,0,0,0,0,0,0,0,0,0,0,0,0,0,0
1,1364,1364,1,1,1,1,46,46,46,46,0,0,0,0,0,0,0,0,0,0,0,0,8,8,8,8,0,0,0,0,0,0,0,0,0,0,0,0,0,0,0,0,0,0,0,0,0,0
2,1727,1443,2,1,2,1,90,46,90,46,0,0,0,0,0,0,0,0,0,0,0,0,16,8,16,8,0,0,0,0,0,0,0,0,0,0,0,0,0,0,0,0,0,0,0,0,0,0
2,2897,1992,2,1,2,1,90,46,90,46,0,0,0,0,0,0,0,0,0,0,0,0,16,8,16,8,0,0,0,0,0,0,0,0,0,0,0,0,0,0,0,0,0,0,0,0,0,0
2,1856,1557,2,1,2,1,90,46,90,46,0,0,0,0,0,0,0,0,0,0,0,0,16,8,16,8,0,0,0,0,0,0,0,0,0,0,0,0,0,0,0,0,0,0,0,0,0,0
2,1598,1185,2,1,2,1,90,46,90,46,0,0,0,0,0,0,0,0,0,0,0,0,16,8,16,8,0,0,0,0,0,0,0,0,0,0,0,0,0,0,0,0,0,0,0,0,0,0
2,2150,1829,2,1,2,1,90,46,90,46,0,0,0,0,0,0,0,0,0,0,0,0,16,8,16,8,0,0,0,0,0,0,0,0,0,0,0,0,0,0,0,0,0,0,0,0,0,0
0,0,0,0,0,0,0,0,0,0,0,0,0,0,0,0,0,0,0,0,0,0,0,0,0,0,0,0,0,0,0,0,0,0,0,0,0,0,0,0,0,0,0,0,0,0,0,0,0
2,2347,2003,2,1,2,1,90,46,90,46,0,0,0,0,0,0,0,0,0,0,0,0,16,8,16,8,0,0,0,0,0,0,0,0,0,0,0,0,0,0,0,0,0,0,0,0,0,0
0,0,0,0,0,0,0,0,0,0,0,0,0,0,0,0,0,0,0,0,0,0,0,0,0,0,0,0,0,0,0,0,0,0,0,0,0,0,0,0,0,0,0,0,0,0,0,0,0
2,4833,3369,2,1,2,1,90,46,90,46,0,0,0,0,0,0,0,0,0,0,0,0,16,8,16,8,0,0,0,0,0,0,0,0,0,0,0,0,0,0,0,0,0,0,0,0,0,0
1,2326,2326,1,1,1,1,46,46,46,46,0,0,0,0,0,0,0,0,0,0,0,0,8,8,8,8,0,0,0,0,0,0,0,0,0,0,0,0,0,0,0,0,0,0,0,0,0,0
2,2717,1643,2,1,2,1,90,46,90,46,0,0,0,0,0,0,0,0,0,0,0,0,16,8,16,8,0,0,0,0,0,0,0,0,0,0,0,0,0,0,0,0,0,0,0,0,0,0
2,996,785,2,1,2,1,90,46,90,46,0,0,0,0,0,0,0,0,0,0,0,0,16,8,16,8,0,0,0,0,0,0,0,0,0,0,0,0,0,0,0,0,0,0,0,0,0,0
6,5903,1798,6,1,6,1,270,46,270,46,0,0,0,0,0,0,0,0,0,0,0,0,48,8,48,8,0,0,0,0,0,0,0,0,0,0,0,0,0,0,0,0,0,0,0,0,0,0
2,1825,1585,2,1,2,1,90,46,90,46,0,0,0,0,0,0,0,0,0,0,0,0,16,8,16,8,0,0,0,0,0,0,0,0,0,0,0,0,0,0,0,0,0,0,0,0,0,0
0,0,0,0,0,0,0,0,0,0,0,0,0,0,0,0,0,0,0,0,0,0,0,0,0,0,0,0,0,0,0,0,0,0,0,0,0,0,0,0,0,0,0,0,0,0,0,0,0
2,1814,1490,2,1,2,1,90,46,90,46,0,0,0,0,0,0,0,0,0,0,0,0,16,8,16,8,0,0,0,0,0,0,0,0,0,0,0,0,0,0,0,0,0,0,0,0,0,0
2,4418,2369,2,1,2,1,90,46,90,46,0,0,0,0,0,0,0,0,0,0,0,0,16,8,16,8,0,0,0,0,0,0,0,0,0,0,0,0,0,0,0,0,0,0,0,0,0,0
2,1921,1537,2,1,2,1,90,46,90,46,0,0,0,0,0,0,0,0,0,0,0,0,16,8,16,8,0,0,0,0,0,0,0,0,0,0,0,0,0,0,0,0,0,0,0,0,0,0
2,15928,15470,2,1,2,1,90,46,90,46,0,0,0,0,0,0,0,0,0,0,0,0,16,8,16,8,0,0,0,0,0,0,0,0,0,0,0,0,0,0,0,0,0,0,0,0,0,0
2,1654,1448,2,1,2,1,90,46,90,46,0,0,0,0,0,0,0,0,0,0,0,0,16,8,16,8,0,0,0,0,0,0,0,0,0,0,0,0,0,0,0,0,0,0,0,0,0,0
6,4546,1757,6,1,6,1,270,46,270,46,0,0,0,0,0,0,0,0,0,0,0,0,48,8,48,8,0,0,0,0,0,0,0,0,0,0,0,0,0,0,0,0,0,0,0,0,0,0
2,3522,2238,2,1,2,1,90,46,90,46,0,0,0,0,0,0,0,0,0,0,0,0,16,8,16,8,0,0,0,0,0,0,0,0,0,0,0,0,0,0,0,0,0,0,0,0,0,0
2,1712,1430,2,1,2,1,90,46,90,46,0,0,0,0,0,0,0,0,0,0,0,0,16,8,16,8,0,0,0,0,0,0,0,0,0,0,0,0,0,0,0,0,0,0,0,0,0,0
0,0,0,0,0,0,0,0,0,0,0,0,0,0,0,0,0,0,0,0,0,0,0,0,0,0,0,0,0,0,0,0,0,0,0,0,0,0,0,0,0,0,0,0,0,0,0,0,0
2,4810,4464,2,1,2,1,90,46,90,46,0,0,0,0,0,0,0,0,0,0,0,0,16,8,16,8,0,0,0,0,0,0,0,0,0,0,0,0,0,0,0,0,0,0,0,0,0,0
0,0,0,0,0,0,0,0,0,0,0,0,0,0,0,0,0,0,0,0,0,0,0,0,0,0,0,0,0,0,0,0,0,0,0,0,0,0,0,0,0,0,0,0,0,0,0,0,0
2,2879,1580,2,1,2,1,90,46,90,46,0,0,0,0,0,0,0,0,0,0,0,0,16,8,16,8,0,0,0,0,0,0,0,0,0,0,0,0,0,0,0,0,0,0,0,0,0,0
2,2024,1804,2,1,2,1,90,46,90,46,0,0,0,0,0,0,0,0,0,0,0,0,16,8,16,8,0,0,0,0,0,0,0,0,0,0,0,0,0,0,0,0,0,0,0,0,0,0
0,0,0,0,0,0,0,0,0,0,0,0,0,0,0,0,0,0,0,0,0,0,0,0,0,0,0,0,0,0,0,0,0,0,0,0,0,0,0,0,0,0,0,0,0,0,0,0,0
2,5975,4584,2,1,2,1,90,46,90,46,0,0,0,0,0,0,0,0,0,0,0,0,16,8,16,8,0,0,0,0,0,0,0,0,0,0,0,0,0,0,0,0,0,0,0,0,0,0
2,1677,1380,2,1,2,1,90,46,90,46,0,0,0,0,0,0,0,0,0,0,0,0,16,8,16,8,0,0,0,0,0,0,0,0,0,0,0,0,0,0,0,0,0,0,0,0,0,0
2,1718,1380,2,1,2,1,90,46,90,46,0,0,0,0,0,0,0,0,0,0,0,0,16,8,16,8,0,0,0,0,0,0,0,0,0,0,0,0,0,0,0,0,0,0,0,0,0,0
2,1850,1418,2,1,2,1,90,46,90,46,0,0,0,0,0,0,0,0,0,0,0,0,16,8,16,8,0,0,0,0,0,0,0,0,0,0,0,0,0,0,0,0,0,0,0,0,0,0
2,1979,1671,2,1,2,1,90,46,90,46,0,0,0,0,0,0,0,0,0,0,0,0,16,8,16,8,0,0,0,0,0,0,0,0,0,0,0,0,0,0,0,0,0,0,0,0,0,0
2,13587,12232,2,1,2,1,90,46,90,46,0,0,0,0,0,0,0,0,0,0,0,0,16,8,16,8,0,0,0,0,0,0,0,0,0,0,0,0,0,0,0,0,0,0,0,0,0,0
31,3953489,3916171,32,2,30,1,1350,46,1350,46,3916171,3916171,0,0,0,0,0,0,0,0,0,0,240,8,240,8,0,0,0,0,0,0,0,0,0,0,0,0,0,0,0,0,0,0,0,0,0,0
0,0,0,0,0,0,0,0,0,0,0,0,0,0,0,0,0,0,0,0,0,0,0,0,0,0,0,0,0,0,0,0,0,0,0,0,0,0,0,0,0,0,0,0,0,0,0,0,0
2,1328,1033,2,1,2,1,90,46,90,46,0,0,0,0,0,0,0,0,0,0,0,0,16,8,16,8,0,0,0,0,0,0,0,0,0,0,0,0,0,0,0,0,0,0,0,0,0,0
2,10298,8979,2,1,2,1,90,46,90,46,0,0,0,0,0,0,0,0,0,0,0,0,16,8,16,8,0,0,0,0,0,0,0,0,0,0,0,0,0,0,0,0,0,0,0,0,0,0
2,1820,1490,2,1,2,1,90,46,90,46,0,0,0,0,0,0,0,0,0,0,0,0,16,8,16,8,0,0,0,0,0,0,0,0,0,0,0,0,0,0,0,0,0,0,0,0,0,0
2,878,584,2,1,2,1,90,46,90,46,0,0,0,0,0,0,0,0,0,0,0,0,16,8,16,8,0,0,0,0,0,0,0,0,0,0,0,0,0,0,0,0,0,0,0,0,0,0
0,0,0,0,0,0,0,0,0,0,0,0,0,0,0,0,0,0,0,0,0,0,0,0,0,0,0,0,0,0,0,0,0,0,0,0,0,0,0,0,0,0,0,0,0,0,0,0,0
2,1901,1452,2,1,2,1,90,46,90,46,0,0,0,0,0,0,0,0,0,0,0,0,16,8,16,8,0,0,0,0,0,0,0,0,0,0,0,0,0,0,0,0,0,0,0,0,0,0
7,5051490,5045621,8,2,6,1,270,46,270,46,5045621,5045621,0,0,0,0,0,0,0,0,0,0,48,8,48,8,0,0,0,0,0,0,0,0,0,0,0,0,0,0,0,0,0,0,0,0,0,0
2,1374,1064,2,1,2,1,90,46,90,46,0,0,0,0,0,0,0,0,0,0,0,0,16,8,16,8,0,0,0,0,0,0,0,0,0,0,0,0,0,0,0,0,0,0,0,0,0,0
0,0,0,0,0,0,0,0,0,0,0,0,0,0,0,0,0,0,0,0,0,0,0,0,0,0,0,0,0,0,0,0,0,0,0,0,0,0,0,0,0,0,0,0,0,0,0,0,0
2,11221,9795,2,1,2,1,90,46,90,46,0,0,0,0,0,0,0,0,0,0,0,0,16,8,16,8,0,0,0,0,0,0,0,0,0,0,0,0,0,0,0,0,0,0,0,0,0,0
2,2254,1982,2,1,2,1,90,46,90,46,0,0,0,0,0,0,0,0,0,0,0,0,16,8,16,8,0,0,0,0,0,0,0,0,0,0,0,0,0,0,0,0,0,0,0,0,0,0
2,1934,1613,2,1,2,1,90,46,90,46,0,0,0,0,0,0,0,0,0,0,0,0,16,8,16,8,0,0,0,0,0,0,0,0,0,0,0,0,0,0,0,0,0,0,0,0,0,0
0,0,0,0,0,0,0,0,0,0,0,0,0,0,0,0,0,0,0,0,0,0,0,0,0,0,0,0,0,0,0,0,0,0,0,0,0,0,0,0,0,0,0,0,0,0,0,0,0
2,9250,4746,2,1,2,1,90,46,90,46,0,0,0,0,0,0,0,0,0,0,0,0,16,8,16,8,0,0,0,0,0,0,0,0,0,0,0,0,0,0,0,0,0,0,0,0,0,0
2,2659,1422,2,1,2,1,90,46,90,46,0,0,0,0,0,0,0,0,0,0,0,0,16,8,16,8,0,0,0,0,0,0,0,0,0,0,0,0,0,0,0,0,0,0,0,0,0,0
0,0,0,0,0,0,0,0,0,0,0,0,0,0,0,0,0,0,0,0,0,0,0,0,0,0,0,0,0,0,0,0,0,0,0,0,0,0,0,0,0,0,0,0,0,0,0,0,0
1,918,918,1,1,1,1,46,46,46,46,0,0,0,0,0,0,0,0,0,0,0,0,8,8,8,8,0,0,0,0,0,0,0,0,0,0,0,0,0,0,0,0,0,0,0,0,0,0
3,3539,1557,3,1,3,1,634,544,90,46,0,0,0,0,1,1,0,0,0,0,0,0,48,32,48,32,0,0,0,0,0,0,1,1,2,2,0,0,0,0,0,0,4060,4060,501,501,0,0
2,729,548,2,1,2,1,90,46,90,46,0,0,0,0,0,0,0,0,0,0,0,0,16,8,16,8,0,0,0,0,0,0,0,0,0,0,0,0,0,0,0,0,0,0,0,0,0,0
2,1712,1372,2,1,2,1,90,46,90,46,0,0,0,0,0,0,0,0,0,0,0,0,16,8,16,8,0,0,0,0,0,0,0,0,0,0,0,0,0,0,0,0,0,0,0,0,0,0
6,5413,1563,6,1,6,1,270,46,270,46,0,0,0,0,0,0,0,0,0,0,0,0,48,8,48,8,0,0,0,0,0,0,0,0,0,0,0,0,0,0,0,0,0,0,0,0,0,0
2,998,648,2,1,2,1,90,46,90,46,0,0,0,0,0,0,0,0,0,0,0,0,16,8,16,8,0,0,0,0,0,0,0,0,0,0,0,0,0,0,0,0,0,0,0,0,0,0
2,25659,15063,2,1,2,1,90,46,90,46,0,0,0,0,0,0,0,0,0,0,0,0,16,8,16,8,0,0,0,0,0,0,0,0,0,0,0,0,0,0,0,0,0,0,0,0,0,0
2,3131,1885,2,1,2,1,90,46,90,46,0,0,0,0,0,0,0,0,0,0,0,0,16,8,16,8,0,0,0,0,0,0,0,0,0,0,0,0,0,0,0,0,0,0,0,0,0,0
2,1918,1544,2,1,2,1,90,46,90,46,0,0,0,0,0,0,0,0,0,0,0,0,16,8,16,8,0,0,0,0,0,0,0,0,0,0,0,0,0,0,0,0,0,0,0,0,0,0
12,16524,6562,12,1,12,1,540,46,589,95,0,0,0,0,0,0,0,0,0,0,0,0,96,8,96,8,0,0,0,0,0,0,0,0,0,0,0,0,0,0,0,0,0,0,0,0,0,0
2,2328,1998,2,1,2,1,90,46,90,46,0,0,0,0,0,0,0,0,0,0,0,0,16,8,16,8,0,0,0,0,0,0,0,0,0,0,0,0,0,0,0,0,0,0,0,0,0,0
2,2029,1723,2,1,2,1,90,46,90,46,0,0,0,0,0,0,0,0,0,0,0,0,16,8,16,8,0,0,0,0,0,0,0,0,0,0,0,0,0,0,0,0,0,0,0,0,0,0
2,2262,1779,2,1,2,1,90,46,90,46,0,0,0,0,0,0,0,0,0,0,0,0,16,8,16,8,0,0,0,0,0,0,0,0,0,0,0,0,0,0,0,0,0,0,0,0,0,0
6,8434,3000,6,1,6,1,270,46,270,46,0,0,0,0,0,0,0,0,0,0,0,0,48,8,48,8,0,0,0,0,0,0,0,0,0,0,0,0,0,0,0,0,0,0,0,0,0,0
17,5425680,5414102,18,2,16,1,720,46,720,46,5414102,5414102,0,0,0,0,0,0,0,0,0,0,128,8,128,8,0,0,0,0,0,0,0,0,0,0,0,0,0,0,0,0,0,0,0,0,0,0
2,1908,1614,2,1,2,1,90,46,90,46,0,0,0,0,0,0,0,0,0,0,0,0,16,8,16,8,0,0,0,0,0,0,0,0,0,0,0,0,0,0,0,0,0,0,0,0,0,0
0,0,0,0,0,0,0,0,0,0,0,0,0,0,0,0,0,0,0,0,0,0,0,0,0,0,0,0,0,0,0,0,0,0,0,0,0,0,0,0,0,0,0,0,0,0,0,0,0
2,1999,1683,2,1,2,1,90,46,90,46,0,0,0,0,0,0,0,0,0,0,0,0,16,8,16,8,0,0,0,0,0,0,0,0,0,0,0,0,0,0,0,0,0,0,0,0,0,0
0,0,0,0,0,0,0,0,0,0,0,0,0,0,0,0,0,0,0,0,0,0,0,0,0,0,0,0,0,0,0,0,0,0,0,0,0,0,0,0,0,0,0,0,0,0,0,0,0
0,0,0,0,0,0,0,0,0,0,0,0,0,0,0,0,0,0,0,0,0,0,0,0,0,0,0,0,0,0,0,0,0,0,0,0,0,0,0,0,0,0,0,0,0,0,0,0,0
0,0,0,0,0,0,0,0,0,0,0,0,0,0,0,0,0,0,0,0,0,0,0,0,0,0,0,0,0,0,0,0,0,0,0,0,0,0,0,0,0,0,0,0,0,0,0,0,0
3,1899,1088,3,1,3,1,634,544,90,46,0,0,0,0,1,1,0,0,0,0,0,0,48,32,48,32,0,0,0,0,0,0,1,1,2,2,0,0,0,0,0,0,4060,4060,501,501,0,0
2,1799,1448,2,1,2,1,90,46,90,46,0,0,0,0,0,0,0,0,0,0,0,0,16,8,16,8,0,0,0,0,0,0,0,0,0,0,0,0,0,0,0,0,0,0,0,0,0,0
2,2093,1684,2,1,2,1,90,46,90,46,0,0,0,0,0,0,0,0,0,0,0,0,16,8,16,8,0,0,0,0,0,0,0,0,0,0,0,0,0,0,0,0,0,0,0,0,0,0
2,1883,1500,2,1,2,1,90,46,90,46,0,0,0,0,0,0,0,0,0,0,0,0,16,8,16,8,0,0,0,0,0,0,0,0,0,0,0,0,0,0,0,0,0,0,0,0,0,0
2,2042,1821,2,1,2,1,90,46,90,46,0,0,0,0,0,0,0,0,0,0,0,0,16,8,16,8,0,0,0,0,0,0,0,0,0,0,0,0,0,0,0,0,0,0,0,0,0,0
2,3662,3033,2,1,2,1,90,46,90,46,0,0,0,0,0,0,0,0,0,0,0,0,16,8,16,8,0,0,0,0,0,0,0,0,0,0,0,0,0,0,0,0,0,0,0,0,0,0
2,1723,1446,2,1,2,1,90,46,90,46,0,0,0,0,0,0,0,0,0,0,0,0,16,8,16,8,0,0,0,0,0,0,0,0,0,0,0,0,0,0,0,0,0,0,0,0,0,0
0,0,0,0,0,0,0,0,0,0,0,0,0,0,0,0,0,0,0,0,0,0,0,0,0,0,0,0,0,0,0,0,0,0,0,0,0,0,0,0,0,0,0,0,0,0,0,0,0
2,961,751,2,1,2,1,90,46,90,46,0,0,0,0,0,0,0,0,0,0,0,0,16,8,16,8,0,0,0,0,0,0,0,0,0,0,0,0,0,0,0,0,0,0,0,0,0,0
